U0011,USD 6000,Glass plants,https://static.tildacdn.com/stor6137-6237-4263-b766-613339376637/50527242.jpg ;  https://static.tildacdn.com/stor3437-3435-4465-b135-363935326336/78121289.jpg ; https://static.tildacdn.com/stor6535-6162-4737-b762-663831333632/55420335.jpg,Pink quartz lotus ,3D lotus flower with rose quartz crystal and glass petails,rose-quarz-lotus,rose,d 16cm,"glass, tin solder, copper foil, rose quartz krystal",U0011,rose-quarz-lotus
U0012,USD 2500,Flower moons,https://static.tildacdn.com/stor3831-3762-4438-a661-616562336532/14591989.jpg ; https://static.tildacdn.com/stor3232-3939-4763-a637-386562313931/30393132.jpg ; https://static.tildacdn.com/stor6339-3834-4334-b765-343564393335/32370380.jpg,Medium heather moon,Glass moon with pressed heather and pendants,medium-heather-moon,transparent,"d 15cm, full length 34cm","glass, tin solder, copper foil, herbarium",U0012,medium-heather-moon
U0013,USD 4500,Mirrors,https://static.tildacdn.com/stor3330-3430-4339-a362-653066316437/94753461.jpg ; https://static.tildacdn.com/stor3664-3664-4834-a461-363765633235/66791951.jpg ; https://static.tildacdn.com/stor3335-6365-4632-b133-333130396439/48028297.jpg,Autumn sun mirror,Round sun-shaped mirror with yellow and orange glass elements,sun-mirror,yellow,d 26cm,"glass, tin solder, copper foil, herbarium, mirror",U0013,sun-mirror
U0014,USD 2000,Candleholders,https://static.tildacdn.com/stor3366-3366-4734-b139-343636326166/30746349.jpg ; https://static.tildacdn.com/stor6537-6363-4463-b563-633839623539/98732427.jpg ; https://static.tildacdn.com/stor6332-6663-4366-a630-656238366539/66057202.jpg,Tiny house candleholder,Small glass candleholder for an electric candle,tiny-candleholder-white-star,transparent,10x7x5cm,"glass, tin solder, copper foil",U0014,tiny-candleholder-white-star
U0015,USD 1500,Christmas-stars,https://static.tildacdn.com/stor3933-3765-4436-b339-643066396266/58180961.jpg ; https://static.tildacdn.com/stor6164-3039-4632-b265-613639626332/26386211.jpg ; https://static.tildacdn.com/stor6266-6534-4837-b039-643664343535/76166372.jpg,Large red christmas star,Large 8 rays christmas star,red-star,red,21x16cm,"glass, tin solder, copper foil",U0015,red-star
U0016,USD 1500,Christmas-stars,https://static.tildacdn.com/stor3337-3363-4331-a639-613132626436/77747487.jpg ; https://static.tildacdn.com/stor3666-6135-4337-a633-656265626165/23880091.jpg ; https://static.tildacdn.com/stor3836-3961-4635-a365-386237383934/98916926.jpg,Large pearl christmas star,Large 8 rays christmas star,pearl-star,pearl,21x16cm,"glass, tin solder, copper foil",U0016,pearl-star
U0017,USD 1700,hangings,https://static.tildacdn.com/stor3336-6639-4635-b165-636333656637/13852816.jpg ; https://static.tildacdn.com/stor6364-3162-4363-b364-643033343835/14430718.jpg ; https://static.tildacdn.com/stor6263-3434-4465-a437-303933336431/61311154.jpg,Pumpkin wall hanging,Small glass pumpkin wall hanging,amber-pumpkin,yellow,14x14cm,"glass, tin solder, copper foil",U0017,amber-pumpkin
U0018,USD 1500,Frames,https://static.tildacdn.com/stor6564-3062-4939-b730-303132626238/36271231.jpg ;  https://static.tildacdn.com/stor3639-6465-4639-a165-636637373061/57905455.jpg ; https://static.tildacdn.com/stor6531-6137-4365-a662-393662366463/57931926.jpg,Frame with pressed heather,Glass frame with heather herbarium,heather-frame,transparent,10x14cm,"glass, tin solder, copper foil, herbarium",U0018,heather-frame
U0019,USD 1500,Frames,https://static.tildacdn.com/stor6436-6362-4866-b563-303231303333/14615959.jpg ; https://static.tildacdn.com/stor6332-3239-4639-b635-656161636466/86260320.jpg ; https://static.tildacdn.com/stor3162-3364-4461-b634-656465366335/66248221.jpg,Frame with summer flowers,Glass frame with buttercup herbarium,summer-frame,transparent,d 15cm,"glass, tin solder, copper foil, herbarium",U0019,summer-frame
U0020,USD 3000,Mirrors,https://static.tildacdn.com/stor3438-6261-4935-b132-653664396465/16441207.jpg ; https://static.tildacdn.com/stor6435-6666-4133-b666-653139633933/15504248.jpg ; https://static.tildacdn.com/stor3035-3631-4536-b331-626538373131/31360607.jpg,Square mirror in blue frame,Square mirror in light blue glass frame,blue-mirror,blue,17x17cm,"glass, tin solder, copper foil, mirror",U0020,blue-mirror
U0021,USD 3000,Mirrors,https://static.tildacdn.com/stor3339-3863-4939-b533-373236343438/18307884.jpg ; https://static.tildacdn.com/stor3565-3466-4137-b634-613831353062/21256412.jpg ; https://static.tildacdn.com/stor3930-6435-4438-a662-626433376431/75432160.jpg,Square mirror in black frame,Square mirror in black glass frame,black-mirror,black,17x17cm,"glass, tin solder, copper foil, mirror",U0021,black-mirror
U0022,USD 3000,Mirrors,https://static.tildacdn.com/stor3064-3162-4033-a238-303130343766/26813283.jpg ; https://static.tildacdn.com/stor3731-3735-4035-a330-613161613566/23584108.jpg ; https://static.tildacdn.com/stor6366-3636-4339-b936-386533636638/14334147.jpg,Square mirror in light-green frame,Square mirror in light-green glass frame,green-mirror,green,17x17cm,"glass, tin solder, copper foil, mirror",U0022,green-mirror
U0023,USD 3000,Mirrors,https://static.tildacdn.com/stor3430-3137-4434-b432-373061333331/71687480.jpg ; https://static.tildacdn.com/stor3034-3836-4439-a531-343530383637/17128451.jpg ; https://static.tildacdn.com/stor6262-3038-4330-b733-633564366562/78114641.jpg,Square mirror in emerald frame,Square mirror in emerald glass frame,emerald-mirror,green,17x17cm,"glass, tin solder, copper foil, mirror",U0023,emerald-mirror
U0024,USD 3500,Flower moons,https://static.tildacdn.com/stor3166-3537-4431-b231-313735333435/41938039.jpg ; https://static.tildacdn.com/stor6239-3665-4163-b664-353338626331/22598138.jpg ; https://static.tildacdn.com/stor3763-3032-4433-b632-303061613735/89468858.jpg,Large pansies moon,Glass moon with pressed pansies and pendants,large-pansies-moon,transparent,"d 18cm, full length 34cm","glass, tin solder, copper foil, herbarium",U0024,large-pansies-moon
U0025,USD 3500,Flower moons,https://static.tildacdn.com/stor6431-3339-4239-b830-383363333061/71363916.jpg ; https://static.tildacdn.com/stor3334-6434-4364-b564-303330373538/70417472.jpg ; https://static.tildacdn.com/tild3638-3363-4561-a166-386137663365/DSC_7601.jpg,Large swamp moon,"Glass moon with pressed swamp plants (cranberry, fern, lingonberry, wild rosemary)  and pendants",large-swamp-moon,transparent,"d 18cm, full length 34cm","glass, tin solder, copper foil, herbarium",U0025,large-swamp-moon
U0026,USD 2000,Candleholders,https://static.tildacdn.com/stor6333-3833-4564-a534-386631343830/72027539.jpg ; https://static.tildacdn.com/stor3336-3530-4930-b966-386433653235/18215539.jpg ; https://static.tildacdn.com/stor3836-6536-4561-a263-343339333435/68557289.jpg,Green fern candleholder, Glass candleholder with pressed fern,fern-candleholder,transparent,10x10x10cm,"glass, tin solder, copper foil",U0026,fern-candleholder
U0027,USD 2000,Candleholders,https://static.tildacdn.com/stor6462-6439-4937-b766-333361316137/32453728.jpg ; https://static.tildacdn.com/stor3738-6435-4463-b266-303434636339/53500849.jpg ; https://static.tildacdn.com/stor3664-3134-4564-a636-323163326464/82873313.jpg,Сandleholder with water avens herbarium, Glass candleholder with pressed fern,water-avens-candleholder,transparent,10x10x10cm,"glass, tin solder, copper foil",U0027,water-avens-candleholder
U0028,USD 2000,suncatchers,https://static.tildacdn.com/stor6661-3565-4735-b836-333464343337/79067947.jpg ; https://static.tildacdn.com/stor3464-3662-4434-b331-346265313262/68510751.jpg ; https://static.tildacdn.com/stor3036-3362-4464-a134-303861626136/72823145.jpg ; https://static.tildacdn.com/stor6136-3139-4361-b864-653962333437/24429178.jpg,Little sun window hanging,Little sun window hanging made of yellow glass. Can be used as a suncatcher,little-sun,yellow,d 16cm,"glass, tin solder, copper foil, crystal bead",U0028,little-sun
U0029,USD 2000,suncatchers,https://static.tildacdn.com/stor6433-3965-4338-b030-656135326630/60791067.jpg ; https://static.tildacdn.com/stor6664-6637-4536-a464-633537643762/13708331.jpg,Blue heart suncatcher,Heart window hanging made of blue glass. Can be used as a suncatcher,blue-heart,blue,12x12cm,"glass, tin solder, copper foil, crystal bead",U0029,blue-heart
U0030,USD 2000,suncatchers,https://static.tildacdn.com/stor3333-6463-4739-b937-313838373163/27950602.jpg ; https://static.tildacdn.com/stor6162-3739-4162-a236-343661643237/23330826.jpg ; https://static.tildacdn.com/stor6234-6531-4536-a430-393637326465/99971225.jpg,Red heart suncatcher,Heart window hanging made of red glass. Can be used as a suncatcher,red-heart,red,12x12cm,"glass, tin solder, copper foil, crystal bead",U0030,red-heart
U0031,USD 2000,suncatchers,https://static.tildacdn.com/stor3736-3463-4336-b039-356537626261/95428525.jpg ; https://static.tildacdn.com/stor3134-3033-4436-a635-386433336262/47787226.jpg ; https://static.tildacdn.com/stor3132-3939-4435-b130-623036613665/80295768.jpg,Lavender heart suncatcher,Heart window hanging made of lavender glass. Can be used as a suncatcher,lavender-heart,lilac,12x12cm,"glass, tin solder, copper foil, crystal bead",U0031,lavender-heart
U0032,USD 2700,suncatchers,https://static.tildacdn.com/stor3832-6461-4033-b663-623131323061/20328103.jpg ; https://static.tildacdn.com/stor3062-3063-4561-a165-326363346162/71582449.jpg ; https://static.tildacdn.com/stor3138-3037-4733-a163-323338336563/86301504.jpg ,Light blue whale suncatcher,Whale suncatcher made of light-blue glass,light-blue-whale,blue,45cm,"glass, tin solder, copper foil, crystal bead",U0032,light-blue-whale
U0033,USD 5000,panels,https://static.tildacdn.com/stor3038-3333-4037-b839-363861323930/44381143.jpg ; https://static.tildacdn.com/stor3731-3838-4631-b063-343833653133/19134710.jpg ; https://static.tildacdn.com/stor3037-3263-4437-b238-306430326139/89336920.jpg,Peony wall hanging,Peony wall hanging made of rose glass with crystal beads hangings,peony,pink,18x15cm,"glass, tin solder, copper foil, crystal beads",U0033,peony
U0034,USD 2000,hangings,https://static.tildacdn.com/stor6232-3439-4566-b764-316165643833/85733434.jpg ; https://static.tildacdn.com/stor6465-6162-4061-b636-653230363636/90566977.jpg ; https://static.tildacdn.com/stor3438-3137-4234-b162-343931336532/41826507.jpg,Lemons wall hanging,Lemon twig wall hanging made of green and yellow glass,lemons,yellow,16x13 cm,"glass, tin solder, copper foil",U0034,lemons
U0035,USD 1700,hangings,https://static.tildacdn.com/stor6266-3662-4130-b834-653530333031/75759486.jpg ; https://static.tildacdn.com/stor6463-6433-4064-b530-623666393463/84070742.jpg ;https://static.tildacdn.com/stor6131-3734-4265-b234-376530373437/91405278.jpg,Pomegranate wall hanging,Pomegranate wall hanging made of red textured glass ,garnet,red,16x13 cm,"glass, tin solder, copper foil",U0035,garnet
U0036,USD 2200,hangings,https://static.tildacdn.com/stor3334-6438-4336-a132-376262333937/12456329.jpg ; https://static.tildacdn.com/stor3161-6630-4330-a531-643335666466/14636547.jpg ; https://static.tildacdn.com/stor3361-3866-4766-a563-643837326237/61986907.jpg,Sunflower wall hanging,Sunflower wall hanging made of yellow and orange glass ,sunflower,yellow,24x15cm,"glass, tin solder, copper foil",U0036,sunflower
U0037,USD 4000,Panels,https://static.tildacdn.com/stor6433-3465-4333-b461-636536653466/69964785.jpg ; https://static.tildacdn.com/stor3861-6434-4438-a366-353264613230/94407298.jpg ; https://static.tildacdn.com/stor6537-6665-4232-a436-373563346437/78916868.jpg,Monstera leaf panel (green and rose),Monstera leaf wall hanging made of green and rose glass,monstera-green-rose,green,20x18cm,"glass, tin solder, copper foil",U0037,monstera-green-rose
U0038,USD 4000,Panels,https://static.tildacdn.com/stor3037-3066-4164-b263-653830353836/93536290.jpg ; https://static.tildacdn.com/stor6638-3664-4735-a135-363039656139/20489689.jpg ; https://static.tildacdn.com/stor3736-6463-4566-b231-623063623031/24200579.jpg,Monstera leaf panel (transparent and  iridescent),Monstera leaf wall hanging made of transparent textured glass with  iridescent effect ,monstera-transparent,iridescent,20x18cm,"glass, tin solder, copper foil",U0038,monstera-transparent
U0039,USD 3500,Panels,https://static.tildacdn.com/stor3736-3936-4934-b761-303734306133/43163386.jpg ; https://static.tildacdn.com/stor6263-3838-4334-b364-386363653435/13894592.jpg ; https://static.tildacdn.com/stor3635-3966-4534-a161-376436326139/95287583.jpg,Turquoise triquetra panel,Triquetra shaped panel made of turquoise textured glass,turquoise-triquetra,turquoise,20x18cm,"glass, tin solder, copper foil",U0039,turquoise-triquetra
U0040,USD 2700,suncatchers,https://static.tildacdn.com/stor6139-3930-4134-b032-643737633766/19456723.jpg ; https://static.tildacdn.com/stor6666-3463-4432-a466-623734646266/83521673.jpg ; https://static.tildacdn.com/stor3637-6135-4537-a135-363762386536/23646059.jpg,Turquoise whale suncatcher,Whale suncatcher made of turquoise glass,turquoise-whale,turquoise,45cm,"glass, tin solder, copper foil, crystal bead",U0040,turquoise-whale
U0041,USD 2500,Flower moons,https://static.tildacdn.com/stor3766-6234-4836-b065-623635616361/99045991.jpg ; https://static.tildacdn.com/stor6531-6135-4330-a531-623936663237/61252322.jpg ; https://static.tildacdn.com/stor6133-3165-4666-b430-343966373831/18885582.jpg,Medium swamp moon,Glass moon with pressed swamp plants and pendants,medium-swamp-moon,transparent,"d 15cm, full length 25cm","glass, tin solder, copper foil, herbarium",U0041,medium-swamp-moon
U0042,USD 2500,Flower moons,https://static.tildacdn.com/stor3535-6130-4066-b739-663864653539/39503806.jpg ; https://static.tildacdn.com/stor3237-3463-4935-b761-336533656434/79422496.jpg ; https://static.tildacdn.com/stor3165-6261-4263-a436-623636653165/87305573.jpg,Medium artemisia moon,Glass moon with pressed swamp plants and pendants,medium-artemisia-moon,transparent,"d 15cm, full length 34cm","glass, tin solder, copper foil, herbarium",U0042,medium-artemisia-moon
U0043,USD 2500,Glass plants,https://static.tildacdn.com/stor3937-6534-4033-b961-333865633035/50833949.jpg ; https://static.tildacdn.com/stor3930-3636-4937-b632-363863626665/31697928.jpg ; https://static.tildacdn.com/stor3033-3531-4262-b036-623765353532/62472486.jpg,Green decorative cactus,3D decorative cactus made of green textured glass,green-cactus,green,14x9x9cm,"glass, tin solder, copper foil",U0043,green-cactus
U0044,USD 1700,Glass plants,https://static.tildacdn.com/stor6236-6536-4863-a535-663164356265/70924575.jpg ; https://static.tildacdn.com/stor3735-3264-4165-a665-643663343336/41419696.jpg ; https://static.tildacdn.com/stor6338-3039-4236-b034-636336343638/19028036.jpg,Mini decorative cactus,3D decorative cactus made of green glass and quartz crystals,mini-cactus,green,11x7x7cm,"glass, tin solder, copper foil, quartz crystals",U0044,mini-cactus
U0045,USD 5000,Glass plants,https://static.tildacdn.com/stor3232-6365-4430-b130-306262656661/80374313.jpg ; https://static.tildacdn.com/stor6233-6332-4638-a230-393438316266/41378185.jpg ; https://static.tildacdn.com/stor3965-3839-4966-b331-343663393833/96190430.jpg,Pearl lotus flower with crystal,3D decorative lotus flower with lepidolite crystal. Made of pearl iridescent glass,lepidolite-lotus,iridescent,"d 14cm, h 9cm","glass, tin solder, copper foil, lepidolite crystal",U0045,lepidolite-lotus
U0046,USD 2200,hangings,https://static.tildacdn.com/stor3265-6165-4237-b837-306138313064/48126964.jpg ; https://static.tildacdn.com/stor3063-3139-4030-b634-346362323035/73397528.jpg ; https://static.tildacdn.com/stor6134-3565-4665-b138-376566376630/80690107.jpg,Decorative wreath (blue and green) ,Decorative wreath hanging with leaves and glass cabochons,blue-green-wreath,green,d 17cm,"glass, tin solder, copper foil, glass cabochons",U0046,blue-green-wreath
U0047,USD 2200,hangings,https://static.tildacdn.com/stor3530-3936-4963-a133-383532353438/89989002.jpg ; https://static.tildacdn.com/stor6235-3061-4332-a530-663964626662/84345722.jpg ; https://static.tildacdn.com/stor6431-6634-4664-b732-653634313039/95240489.jpg,Decorative wreath (orange and green) ,Decorative wreath hanging with leaves and glass cabochons,orange-green-wreath,orange,d 17cm,"glass, tin solder, copper foil, glass cabochons",U0047,orange-green-wreath
U0048,USD 2200,hangings,https://static.tildacdn.com/stor3830-3632-4438-b064-366333633533/87275375.jpg ; https://static.tildacdn.com/stor3238-3731-4663-b231-653465353663/76703345.jpg ; https://static.tildacdn.com/stor6134-6538-4236-b838-643865636132/88330173.jpg,Decorative wreath (rose and green) ,Decorative wreath hanging with leaves and glass cabochons,rose-green-wreath,pink,d 17cm,"glass, tin solder, copper foil, glass cabochons",U0048,rose-green-wreath
U0049,USD 3500,Flower moons,https://static.tildacdn.com/stor6335-3636-4133-b261-656237613738/10932811.jpg ; https://static.tildacdn.com/stor3565-3462-4934-a633-386330393563/69821625.jpg ; https://static.tildacdn.com/stor3364-6565-4262-a332-626361633165/18249390.jpg,Lagre delphinium moon,Glass moon with pressed Delphinium flowers and pendants,large-delphinium-moon,transparent,"d 18cm, full length 34cm","glass, tin solder, copper foil, herbarium",U0049,large-delphinium-moon
U0050,USD 4500,Mirrors,https://static.tildacdn.com/stor6662-6161-4264-a462-333863333134/85569219.jpg ; https://static.tildacdn.com/stor3439-6165-4763-b361-383330383636/20210256.jpg ; https://static.tildacdn.com/stor6561-6363-4530-b532-666332323065/52095354.jpg,Mushrooms mirror,Round mirror with mushroom glass elements,mushrooms-mirror,brown,"d 14 cm, size 25x15 cm","glass, tin solder, copper foil, mirror",U0050,mushrooms-mirror
U0051,USD 1500,Christmas-stars,https://static.tildacdn.com/stor3934-3534-4430-b665-653331383061/45599577.jpg ; https://static.tildacdn.com/stor3937-3566-4431-b037-633036643166/93643142.jpg ; https://static.tildacdn.com/stor6664-3063-4262-b666-653532393666/45872230.jpg,Large green christmas star,Large 8 rays christmas star,green-star,green,21x16cm,"glass, tin solder, copper foil",U0051,green-star
U0052,USD 2500,Christmas-stars,https://static.tildacdn.com/stor6437-6436-4836-b239-333062363631/67699559.jpg ; https://static.tildacdn.com/stor3561-3532-4738-b633-636232303036/44117066.jpg ; https://static.tildacdn.com/stor3133-6136-4165-b438-613266346138/48510232.jpg,Blue stars set,Set of 4 stars and moon in blue colors,blue-stars-set,blue,12x12cm,"glass, tin solder, copper foil",U0052,blue-stars-set
U0053,USD 2500,Christmas-stars,https://static.tildacdn.com/stor3366-6461-4431-b063-336263633563/83932288.jpg ; https://static.tildacdn.com/stor3236-6163-4639-b339-363131626530/65794071.jpg ; https://static.tildacdn.com/stor3234-3432-4866-b662-376532383737/75410371.jpg,Turquoise stars set,Set of 4 stars and moon in turquoise colors,turquoise-stars-set,turquoise,12x12cm,"glass, tin solder, copper foil",U0053,turquoise-stars-set
U0054,USD 2500,Christmas-stars,https://static.tildacdn.com/stor3731-6561-4639-b766-396238306466/13395627.jpg ; https://static.tildacdn.com/stor3764-3565-4631-a630-376136623862/11211976.jpg ; https://static.tildacdn.com/stor3665-3166-4766-b131-313133663330/28156508.jpg,Red and yellow stars set,Set of 4 stars and moon in warm colors,red-yellow-stars-set,red,12x12cm,"glass, tin solder, copper foil",U0054,red-yellow-stars-set
U0055,USD 2500,Christmas-stars,https://static.tildacdn.com/stor6337-6336-4161-a463-623164623862/78689297.jpg ; https://static.tildacdn.com/stor3839-6262-4333-b034-383738643466/37315263.jpg ; https://static.tildacdn.com/stor3035-3039-4134-b564-383036366530/14975986.jpg,Green stars set,Set of 4 stars and moon in green colors,green-stars-set,green,12x12cm,"glass, tin solder, copper foil",U0055,green-stars-set
U0056,USD 2500,Christmas-stars,https://static.tildacdn.com/stor6361-3330-4433-a439-656432313530/29723097.jpg ; https://static.tildacdn.com/stor3233-3066-4361-b737-313437656136/19293023.jpg ; https://static.tildacdn.com/stor3439-3363-4735-b266-653463343065/56569658.jpg,Pink stars set,Set of 4 stars and moon in pink colors,pink-stars-set,pink,12x12cm,"glass, tin solder, copper foil",U0056,pink-stars-set
U0057,USD 3000,bouquets,https://static.tildacdn.com/stor3837-3130-4130-a139-343839666364/58240209.jpg ; https://static.tildacdn.com/stor6563-3362-4165-a633-663937613962/90104842.jpg ; https://static.tildacdn.com/stor3039-3139-4264-b836-643330366162/92413459.jpg,Spring twigs bouquet (violet and green),Set of 3 decorative twigs with glass leaves in violet and green colors,bouquet-violet,violet,45cm,"glass, tin solder, copper foil, steel bar",U0057,bouquet-violet
U0058,USD 3000,bouquets,https://static.tildacdn.com/stor6162-6466-4137-b462-313930393966/24371562.jpg ; https://static.tildacdn.com/stor3066-3163-4231-b666-396533333566/19834496.jpg ; https://static.tildacdn.com/stor6135-3761-4435-a633-613534646362/24319321.jpg,Spring twigs bouquet (yellow and light green),Set of 3 decorative twigs with glass leaves in yellow and green colors,bouquet-light-green,green,45cm,"glass, tin solder, copper foil, steel bar",U0058,bouquet-light-green
U0059,USD 3000,bouquets,https://static.tildacdn.com/stor3338-6334-4161-b262-383262313732/84336227.jpg ; https://static.tildacdn.com/stor3936-3131-4664-b038-613363616335/20036892.jpg ; https://static.tildacdn.com/stor6334-3461-4438-a135-366430613065/81116369.jpg,Spring twigs bouquet (orange and light green),Set of 3 decorative twigs with glass leaves in orange and green colors,bouquet-orange,orange,45cm,"glass, tin solder, copper foil, steel bar",U0059,bouquet-orange
U0060,USD 2000,bouquets,https://static.tildacdn.com/stor3333-3166-4564-a531-663932613931/88806499.jpg ; https://static.tildacdn.com/stor3363-3832-4239-a533-303131633831/23133652.jpg ; https://static.tildacdn.com/stor6536-3163-4236-b938-363837633061/60267836.jpg,Mini twigs bouquet (orange),Set of 3 small decorative twigs with glass leaves,mini-bouquet-orange,orange,35cm,"glass, tin solder, copper foil, steel bar",U0060,mini-bouquet-orange
U0061,USD 2000,bouquets,https://static.tildacdn.com/stor3264-3334-4738-b537-396161376164/49504740.jpg ; https://static.tildacdn.com/stor6166-6635-4065-b663-316434623065/46690726.jpg ; https://static.tildacdn.com/stor6333-3063-4532-b330-646135323336/55490321.jpg ,Mini twigs bouquet (blue),Set of 3 small decorative twigs with glass leaves,mini-bouquet-blue,blue,35cm,"glass, tin solder, copper foil, steel bar",U0061,mini-bouquet-blue
U0062,USD 2000,bouquets,https://static.tildacdn.com/stor3531-6339-4030-a361-353665333937/14872370.jpg ; https://static.tildacdn.com/stor3466-3333-4264-a265-663932663839/97093601.jpg ; https://static.tildacdn.com/stor3333-6131-4438-b139-623233613138/34077656.jpg,Mini twigs bouquet (yellow),Set of 3 small decorative twigs with glass leaves,mini-bouquet-yellow,yellow,35cm,"glass, tin solder, copper foil, steel bar",U0062,mini-bouquet-yellow
U0063,USD 2000,bouquets,https://static.tildacdn.com/stor3433-3530-4239-b963-663834643439/58682819.jpg ; https://static.tildacdn.com/stor3337-3539-4763-b232-666563383438/16374681.jpg ; https://static.tildacdn.com/stor3736-6261-4564-b165-666231396133/63540371.jpg ,Mini twigs bouquet (violet),Set of 3 small decorative twigs with glass leaves,mini-bouquet-violet,violet,35cm,"glass, tin solder, copper foil, steel bar",U0063,mini-bouquet-violet
U0064,USD 3000,bouquets,https://static.tildacdn.com/stor6361-6435-4132-b336-623231623766/62829066.jpg ; https://static.tildacdn.com/stor3063-3339-4536-b864-343836343839/26345553.jpg ; https://static.tildacdn.com/stor6339-6331-4437-a634-633165353637/44078793.jpg,Spring twigs bouquet (turquoise and green),Set of 3 decorative twigs with glass leaves in turquoise and green colors,bouquet-turquoise,turquoise,45cm,"glass, tin solder, copper foil, steel bar",U0064,bouquet-turquoise
U0065,USD 3800,Glass plants,https://static.tildacdn.com/stor3738-3433-4466-b736-313535303636/53996813.jpg ; https://static.tildacdn.com/stor3962-6134-4535-b137-313230666366/39290794.jpg ; https://static.tildacdn.com/stor3932-3934-4638-b238-653365656236/26274819.jpg ,Succulent (orange center),3D decorative succulent with ornage glass bead center,succulent-orange,green,"d 12cm, h 7cm","glass, tin solder, copper foil, glass bead ",U0065,succulent-orange
U0066,USD 3800,Glass plants,https://static.tildacdn.com/stor3162-6632-4131-b466-306161656138/22492772.jpg ; https://static.tildacdn.com/stor3430-3964-4162-a238-626362353232/69961871.jpg ; https://static.tildacdn.com/stor3466-6235-4332-a431-343563663962/83120145.jpg,Succulent (green center),3D decorative succulent with green glass bead center,succulent-green,green,"d 12cm, h 7cm","glass, tin solder, copper foil, glass bead ",U0066,succulent-green
U0067,USD 3800,Glass plants,https://static.tildacdn.com/stor3337-3563-4132-a339-613237646230/70236896.jpg ; https://static.tildacdn.com/stor3464-6165-4530-a165-643266373966/59011681.jpg ; https://static.tildacdn.com/stor6461-6166-4665-b061-393533326431/98369320.jpg,Violet lotus,3D decorative lotus flower with iridescent glass bead center,lotus-violet,violet,"d 12cm, h 7cm","glass, tin solder, copper foil, glass bead ",U0067,lotus-violet
U0068,USD 3000,hangings,https://static.tildacdn.com/stor3766-6262-4264-a532-643535613662/25780223.jpg ; https://static.tildacdn.com/stor3761-3631-4064-b764-313830656361/22359549.jpg ; https://static.tildacdn.com/stor3864-6563-4039-b238-613361393866/29130328.jpg ,Blue moth hanging,Decorative moth hanging with blue glass cabochons,blue-moth,blue,14x17cm,"glass, tin solder, copper foil, glass cabochons",U0068,blue-moth
U0069,USD 1700,hangings,https://static.tildacdn.com/stor3131-3363-4665-a339-393465633038/84237970.jpg ; https://static.tildacdn.com/stor3361-6161-4963-b434-383466323634/29984648.jpg ; https://static.tildacdn.com/stor3437-3236-4633-a539-646638333434/11689437.jpg,Pumpkin wall hanging (yellow),Small glass pumpkin wall hanging,yellow-pumpkin,yellow,14x14cm,"glass, tin solder, copper foil",U0069,yellow-pumpkin
U0070,USD 1700,hangings,https://static.tildacdn.com/stor3532-6138-4737-a261-646335663062/18642961.jpg ; https://static.tildacdn.com/stor3662-3336-4535-b736-303930363733/27736756.jpg ; https://static.tildacdn.com/stor6135-6565-4530-b932-386561346162/19202563.jpg ,Pumpkin wall hanging (orange),Small glass pumpkin wall hanging,orange-pumpkin,orange,14x14cm,"glass, tin solder, copper foil",U0070,orange-pumpkin
U0071,USD 1500,Frames,https://static.tildacdn.com/stor3134-3235-4861-a336-383934363833/39528210.jpg ; https://static.tildacdn.com/stor3335-3535-4263-b439-316334353132/24516039.jpg ; https://static.tildacdn.com/stor6663-3966-4030-b037-666565323435/88840227.jpg,Round frame with forget-me-not,Glass frame with forget-me-not herbarium,forget-me-not-round-frame,transparent,d 15cm,"glass, tin solder, copper foil, herbarium",U0071,forget-me-not-round-frame
U0072,USD 2800,Frames,https://static.tildacdn.com/stor6539-3733-4663-b566-383731383839/19191064.jpg ; https://static.tildacdn.com/stor3363-6130-4762-b263-323261313735/97123617.jpg ; https://static.tildacdn.com/stor3066-6563-4261-b039-656534353265/28993609.jpg,Large fern frame,Glass frame with large fern leaf herbarium,large-fern-frame,transparent,15x30cm,"glass, tin solder, copper foil, herbarium",U0072,large-fern-frame
U0073,USD 2000,Frames,https://static.tildacdn.com/stor3365-3030-4764-b839-323636303035/83774454.jpg ; https://static.tildacdn.com/stor6534-3038-4364-a533-383934383562/46396955.jpg ; https://static.tildacdn.com/stor3865-3435-4766-b535-323035623030/15540157.jpg,Spring fern frame,Glass frame with fern leaves and spirals herbarium,spring-fern-frame,transparent,15x15cm,"glass, tin solder, copper foil, herbarium",U0073,spring-fern-frame
U0074,USD 2000,Frames,https://static.tildacdn.com/stor3233-3531-4364-a566-643139376166/16784514.jpg ; https://static.tildacdn.com/stor3832-3738-4933-a338-303239383166/77782893.jpg ; https://static.tildacdn.com/stor6635-3339-4834-a635-383165356264/19714460.jpg,Fern frame,Glass frame with fern leaves herbarium,medium-fern-frame,transparent,17x12cm,"glass, tin solder, copper foil, herbarium",U0074,medium-fern-frame
U0075,USD 2000,Frames,https://static.tildacdn.com/stor6135-3765-4130-a463-663930613332/37030494.jpg ; https://static.tildacdn.com/stor3833-6634-4137-b564-323865323437/34181816.jpg ; https://static.tildacdn.com/stor3765-6631-4835-a264-386437643335/71459663.jpg,Fern and water avens frame,Glass frame with fern leaves and water avens flowers herbarium,water-avens-fern-frame,transparent,20x15cm,"glass, tin solder, copper foil, herbarium",U0075,water-avens-fern-frame
U0076,USD 2800,Frames,https://static.tildacdn.com/stor3566-6166-4363-a332-343965353130/63670513.jpg ; https://static.tildacdn.com/stor6539-3533-4432-a261-393734356564/74020686.jpg ; https://static.tildacdn.com/stor6366-3162-4665-b733-333432633835/40572762.jpg,Fern frame on stand,House-shaped glass frame with fern leaf herbarium,fern-frame-stand,transparent,10x22x10cm,"glass, tin solder, copper foil, herbarium",U0076,fern-frame-stand
U0077,USD 2800,Frames,https://static.tildacdn.com/stor6662-3330-4435-b664-336132366437/10526414.jpg ; https://static.tildacdn.com/stor3836-6139-4631-b730-303033386239/14203665.jpg ; https://static.tildacdn.com/stor3231-3134-4235-a465-313539666539/71203946.jpg,Heather frame on stand,House-shaped glass frame with heather herbarium,heather-frame-stand,transparent,12x27x10cm,"glass, tin solder, copper foil, herbarium",U0077,heather-frame-stand
U0078,USD 2000,Frames,https://static.tildacdn.com/stor3936-3239-4265-a665-303762643066/81955323.jpg ; https://static.tildacdn.com/stor3461-3665-4462-a535-623466346235/29094595.jpg ; https://static.tildacdn.com/stor6135-6462-4938-b430-636339623461/40658284.jpg,Сhamomile frame,Glass frame with chamomile and melilot herbarium,chamomile-frame,transparent,20x10cm,"glass, tin solder, copper foil, herbarium",U0078,chamomile-frame
U0079,USD 1000,Frames,https://static.tildacdn.com/stor6438-3261-4662-b631-323865333461/94313688.jpg ; https://static.tildacdn.com/stor6264-3036-4232-b666-323164336661/32850099.jpg ; https://static.tildacdn.com/stor6135-6530-4538-a139-316330663931/98829912.jpg ,Blueberry frame,Small glass frame with autumn blueberry leaves herbarium,blueberry-frame,transparent,10x10cm,"glass, tin solder, copper foil, herbarium",U0079,blueberry-frame
U0080,USD 1000,Frames,https://static.tildacdn.com/stor3931-3961-4337-a138-306562383866/15186346.jpg ; https://static.tildacdn.com/stor3930-6535-4137-b965-333335363466/58000600.jpg ; https://static.tildacdn.com/stor6262-3734-4162-b336-613662356130/58853853.jpg,Wild strawberry frame,Small hexagonal glass frame with wild strawberry herbarium,strawberry-frame,transparent,10x10cm,"glass, tin solder, copper foil, herbarium",U0080,strawberry-frame
U0081,USD 1000,Frames,https://static.tildacdn.com/stor3130-6534-4433-a430-336466386538/83413253.jpg ; https://static.tildacdn.com/stor6635-3666-4164-b962-333866663434/62473066.jpg ; https://static.tildacdn.com/stor3161-6262-4738-b331-623339333662/57279335.jpg ,Hydrangea frame,Small octagonal glass frame with hydrangea flowers herbarium,hydrangea-frame,transparent,10x10cm,"glass, tin solder, copper foil, herbarium",U0081,hydrangea-frame
U0082,USD 2800,Frames,https://static.tildacdn.com/stor6432-3831-4265-b663-303135346666/10932281.jpg ; https://static.tildacdn.com/stor6664-3161-4266-b862-386537356463/82592004.jpg ; https://static.tildacdn.com/stor3030-6533-4765-b433-616638666636/11868430.jpg,Square heather frame,Square glass frame with heather herbarium,square-heather-frame,transparent,20x20cm,"glass, tin solder, copper foil, herbarium",U0082,square-heather-frame
U0083,USD 1700,suncatchers,https://static.tildacdn.com/stor3536-6339-4132-b165-623533653830/58445657.jpg ; https://static.tildacdn.com/stor3730-3338-4364-a331-346232613435/66018700.jpg ; https://static.tildacdn.com/stor3063-6433-4133-b539-663434313131/14016408.jpg,Bird suncatcher,"Spring bird hanging with crystal bead, can be used as a suncatcher ",bird,green,45cm,"glass, tin solder, copper foil, crystal bead",U0083,bird
U0084,USD 1800,Frames,https://static.tildacdn.com/stor3163-3731-4564-a166-326263353431/22560535.jpg ; https://static.tildacdn.com/stor6432-3364-4532-b137-316462393738/51216113.jpg ; https://static.tildacdn.com/stor6636-3165-4865-b933-326637623839/52983522.jpg,Artemisia frame with moon,Glass frame with artemisia herbarium and silver moon,artemisia-moon-frame,transparent,16x12cm,"glass, tin solder, copper foil, herbarium",U0084,artemisia-moon-frame
U0085,USD 1700,hangings,https://static.tildacdn.com/stor3061-3265-4266-b538-306266663434/33186633.jpg ; https://static.tildacdn.com/stor3038-6463-4030-b039-636261383339/64711133.jpg ; https://static.tildacdn.com/stor6530-3162-4431-b532-646336626134/78525594.jpg,Amethyst crystal hanging,Small glass amethyast crystal wall hanging,amethyst,violet,16x8cm,"glass, tin solder, copper foil",U0085,amethyst
U0086,USD 1800,Frames,https://static.tildacdn.com/stor3462-3961-4563-b661-663862363164/22912206.jpg ; https://static.tildacdn.com/stor3763-6665-4131-b034-306533373664/98292871.jpg ; https://static.tildacdn.com/stor3565-3336-4931-a661-636463626162/63724162.jpg,Heather frame with moon,Glass frame with heather herbarium and golden moon,heather-moon-frame,transparent,16x12cm,"glass, tin solder, copper foil, herbarium",U0086,heather-moon-frame
U0087,USD 3500,Candleholders,https://static.tildacdn.com/stor6166-3236-4165-b862-383638653330/45490536.jpg ; https://static.tildacdn.com/stor6666-6165-4231-a434-333138353933/48406778.jpg ; https://static.tildacdn.com/stor6336-3936-4938-b139-646538386231/70847177.jpg ,Large house candleholder (iridescent),Large glass candleholder for an electric candle. Made of iridescent glass,large-candleholder-iridescent,iridescent,15x9x7cm,"glass, tin solder, copper foil",U0087,large-candleholder-iridescent
U0088,USD 3500,Candleholders,https://static.tildacdn.com/stor3437-6339-4435-b134-393135643539/64590668.jpg ; https://static.tildacdn.com/stor3765-3761-4331-b465-363063616566/33851474.jpg ; https://static.tildacdn.com/stor3463-6233-4231-a337-313663656536/68407620.jpg,Large house candleholder ,Large glass candleholder for an electric candle. Made of textured glass,large-candleholder-textured,transparent,15x9x7cm,"glass, tin solder, copper foil",U0088,large-candleholder-textured
U0089,USD 1700,hangings,https://static.tildacdn.com/stor3233-3436-4239-a235-383631386530/43618368.jpg ; https://static.tildacdn.com/stor3463-3664-4835-a161-626662653966/47121043.jpg ; https://static.tildacdn.com/stor3138-6234-4630-b434-616663343062/20745769.jpg,Pumpkin wall hanging (black),Small glass pumpkin wall hanging,black-pumpkin,black,14x14cm,"glass, tin solder, copper foil",U0089,black-pumpkin
U0090,USD 10000,hangings,https://static.tildacdn.com/stor6235-3537-4436-a137-616236336339/23225195.jpg ; https://static.tildacdn.com/stor6433-6663-4736-b765-376536626133/94338852.jpg ; https://static.tildacdn.com/stor3939-3539-4663-b335-316134346333/91583843.jpg,Monstera leaves wall hanging,Monstera leaves wall hanging made of green and blue glass,monstera-leaves,green,30x50cm,"glass, tin solder, copper foil",U0090,monstera-leaves
U0091,USD 1500,Christmas-stars,https://static.tildacdn.com/stor3333-3966-4565-b637-363236333461/82805372.jpg ; https://static.tildacdn.com/stor3933-6566-4534-a464-643934396137/40685935.jpg ; https://static.tildacdn.com/stor6665-3634-4163-a261-623538353666/83227527.jpg,Large iridescent christmas star,Large 8 rays christmas star,iridescent-star,iridescent,21x16cm,"glass, tin solder, copper foil",U0091,iridescent-star
U0092,USD 2700,suncatchers,https://static.tildacdn.com/stor3931-3232-4339-b164-363231356132/87834005.jpg ; https://static.tildacdn.com/stor3565-3363-4261-a339-346264666231/90466568.jpg ; https://static.tildacdn.com/stor3033-6666-4162-b864-386136643234/92316712.jpg,Blue whale suncatcher,Whale suncatcher made of blue glass,blue-whale,blue,45cm,"glass, tin solder, copper foil, crystal bead",U0092,blue-whale
U0093,USD 2200,hangings,https://static.tildacdn.com/stor3563-6164-4662-b139-313237653361/33797871.jpg ; https://static.tildacdn.com/stor6131-3765-4462-a265-373130643632/22208214.jpg ; https://static.tildacdn.com/stor6130-3062-4564-b437-313162336162/52197935.jpg,Decorative wreath (rose and violet) ,Decorative wreath hanging with leaves and glass cabochons,rose-violet-wreath,violet,d 17cm,"glass, tin solder, copper foil, glass cabochons",U0093,rose-violet-wreath
U0094,USD 2200,hangings,https://static.tildacdn.com/stor3733-3332-4732-b132-633835636464/87695131.jpg ; https://static.tildacdn.com/stor3766-3663-4635-a139-353039623634/87227998.jpg ; https://static.tildacdn.com/stor6630-3464-4335-b035-653563306535/75687018.jpg,Decorative wreath (red and blue) ,Decorative wreath hanging with leaves and glass cabochons,red-blue-wreath,red,d 17cm,"glass, tin solder, copper foil, glass cabochons",U0094,red-blue-wreath
U0095,USD 2200,hangings,https://static.tildacdn.com/stor3463-3062-4939-a334-623131376262/91364572.jpg ; https://static.tildacdn.com/stor6436-3439-4337-b537-313837653538/47750523.jpg ; https://static.tildacdn.com/stor3538-6663-4234-b733-626638303231/56874051.jpg,Decorative wreath (orange and violet) ,Decorative wreath hanging with leaves and glass cabochons,orange-violet-wreath,orange,d 17cm,"glass, tin solder, copper foil, glass cabochons",U0095,orange-violet-wreath
U0096,USD 3000,hangings,https://static.tildacdn.com/stor3733-3431-4862-a339-613131666334/89875340.jpg ; https://static.tildacdn.com/stor6533-6462-4534-a565-376233306463/76561638.jpg ; https://static.tildacdn.com/stor6164-3461-4465-b639-323964356166/95878492.jpg,Green moth hanging,Decorative moth hanging made of green glass ,green-moth,green,14x17cm,"glass, tin solder, copper foil, glass cabochons",U0096,green-moth
U0097,USD 1000,Frames,https://static.tildacdn.com/stor3332-3634-4432-b563-393732383561/41930922.jpg ; https://static.tildacdn.com/stor3232-3966-4462-a563-393166303237/63585442.jpg ; https://static.tildacdn.com/stor6539-3037-4332-b362-383162663530/27408855.jpg ,Small frame with forget-me-not,Small hexagonal glass frame with forget-me-not herbarium,forget-me-not-hexagonal-frame,transparent,10x10cm,"glass, tin solder, copper foil, herbarium",U0097,forget-me-not-hexagonal-frame
U0098,USD 1000,Frames,https://static.tildacdn.com/stor6131-3363-4066-a366-656335313036/73966643.jpg ; https://static.tildacdn.com/stor3764-3736-4465-a561-326565633766/82036093.jpg ; https://static.tildacdn.com/stor3864-3538-4331-b761-373038326131/97650138.jpg,Small frame with water avens,Small hexagonal glass frame with water avens herbarium,water-avens-hexagonal-frame,transparent,10x10cm,"glass, tin solder, copper foil, herbarium",U0098,water-avens-hexagonal-frame
U0099,USD 1700,suncatchers,https://static.tildacdn.com/stor3132-3062-4662-b131-663533316166/62506130.jpg ; https://static.tildacdn.com/stor3633-3634-4461-a537-393339646566/47730582.jpg ; https://static.tildacdn.com/stor3361-6563-4438-b837-326463343932/73222542.jpg,Bottle suncatcher,Bottle-shaped hanging made of transparent and green glass with crystal bead,bottle,green,17x8cm,"glass, tin solder, copper foil, crystal bead",U0099,bottle
U0100,USD 4000,Glass plants,https://static.tildacdn.com/stor3065-3664-4138-a333-616537613231/81307624.jpg ; https://static.tildacdn.com/stor6530-3565-4530-a436-613262356134/69565475.jpg ; https://static.tildacdn.com/stor3134-3365-4162-a661-333834366630/62056180.jpg,Succulent with amethyst,3D decorative succulent with natural amethyst crystal,succulent-amethyst,green,"d 12cm, h 7cm","glass, tin solder, copper foil, amethyst crystal",U0100,succulent-amethyst